Year,Month,Avg. High,Avg. Low,Average,Hottest,Coldest,Precip.
1950,JAN,48.6,33.8,41.2,72,14,2.5
1950,FEB,38.3,26.4,32.4,50,6,4.2
1950,MAR,44.7,28.5,36.6,65,10,3.25
1950,APR,56.2,40,48.1,73,27,1.92
1950,MAY,66.5,50.3,58.4,82,41,2.47
1950,JUN,79.5,61.3,70.4,94,49,2.4
1950,JUL,83.1,66.8,75,93,61,5.41
1950,AUG,80.4,65.9,73.2,88,59,4.88
1950,SEP,71.8,58,64.9,88,42,2.02
1950,OCT,67.7,52.6,60.2,87,39,2.13
1950,NOV,55.6,41.4,48.5,83,30,6.61
1950,DEC,41,30.1,35.6,61,10,5
1951,JAN,43.9,29.7,36.8,64,11,4.27
1951,FEB,44.1,29.1,36.6,65,11,4.03
1951,MAR,48.7,35.8,42.3,62,24,6.98
1951,APR,61.8,45.3,53.6,83,39,2.56
1951,MAY,72.1,53.7,62.9,90,45,5.46
1951,JUN,77.6,62.2,69.9,90,53,2.64
1951,JUL,84.3,68.8,76.5,95,63,3.89
1951,AUG,82.8,67.4,75.1,93,59,2.97
1951,SEP,76.5,60.7,68.6,85,45,1.01
1951,OCT,65.9,52.7,59.3,84,44,4.42
1951,NOV,51.3,36.7,44,68,21,7.92
1951,DEC,45.8,32.2,39,64,9,5.25
1952,JAN,43.9,29.4,36.7,61,6,5.51
1952,FEB,42.2,30.8,36.5,52,17,2.61
1952,MAR,46.3,34.7,40.5,61,24,5.3
1952,APR,62.4,47.2,54.8,82,35,6.58
1952,MAY,68.7,52.9,60.8,81,45,5.61
1952,JUN,82.7,65.5,74.1,101,59,3.83
1952,JUL,88.8,72,80.4,97,63,4.66
1952,AUG,82.4,68.3,75.3,90,56,6.44
1952,SEP,78.1,62.1,70.1,93,52,2.45
1952,OCT,63.8,47.7,55.8,80,33,0.86
1952,NOV,54.5,43.2,48.9,72,30,2.93
1952,DEC,44.1,33.8,39,61,12,4.57
1953,JAN,43.5,32.4,37.9,59,22,5.5
1953,FEB,45.8,31.8,38.8,68,15,2.56
1953,MAR,49.7,37.1,43.4,68,20,8.73
1953,APR,59.6,44.9,52.2,76,35,6.06
1953,MAY,71.4,55,63.2,96,45,4.37
1953,JUN,82.9,64.2,73.5,97,52,1.77
1953,JUL,86,69.2,77.6,98,60,4.65
1953,AUG,84.5,67.7,76.1,100,59,3.03
1953,SEP,78,62.6,70.3,102,50,1.88
1953,OCT,68.7,52.7,60.7,80,41,5.25
1953,NOV,57.2,43.1,50.1,72,31,2.58
1953,DEC,47.8,35.5,41.6,61,16,4.81
1954,JAN,38.7,24.3,31.5,57,9,1.91
1954,FEB,48,32.3,40.2,70,12,1.89
1954,MAR,49.6,34.6,42.1,67,22,3.8
1954,APR,63.3,44.5,53.9,79,24,3.44
1954,MAY,67.5,53,60.2,85,45,3.68
1954,JUN,80.7,62.7,71.7,92,55,1.48
1954,JUL,85.5,68.1,76.8,99,62,0.69
1954,AUG,81.5,65.5,73.5,91,59,7.86
1954,SEP,75.5,61.1,68.3,89,51,5.25
1954,OCT,69.6,54.9,62.2,86,39,2.29
1954,NOV,53,40.7,46.8,64,32,5.97
1954,DEC,42.2,30.7,36.5,58,16,4.42
1955,JAN,37,25.7,31.4,52,12,0.85
1955,FEB,42.8,27.5,35.1,60,1,3.16
1955,MAR,50.2,34,42.1,70,19,4.75
1955,APR,61.4,45.2,53.3,82,34,2.73
1955,MAY,75.2,55.2,65.2,90,43,1.82
1955,JUN,78.4,61.6,70,90,51,2.02
1955,JUL,89.5,72.3,80.9,100,65,0.82
1955,AUG,86.7,70.6,78.7,100,61,16.05
1955,SEP,75.9,61.5,68.7,84,51,2.73
1955,OCT,68.6,53.7,61.2,86,42,7.14
1955,NOV,51.6,38.4,45,68,17,4.5
1955,DEC,36.7,24.5,30.6,54,6,0.31
1956,JAN,38,27.5,32.8,48,15,1.73
1956,FEB,43,31.1,37,60,15,4.84
1956,MAR,44.4,31.6,38,64,19,4.76
1956,APR,55.9,40.9,48.4,84,33,3.31
1956,MAY,67.8,50,58.9,91,38,2.59
1956,JUN,80.9,63.9,72.4,99,53,2.76
1956,JUL,81.5,66.8,74.2,94,57,4.15
1956,AUG,82,68,75,92,60,3.06
1956,SEP,72.9,58.7,65.8,87,43,2.11
1956,OCT,65.8,51.4,58.6,83,41,4.94
1956,NOV,53.8,41.3,47.6,70,22,2.89
1956,DEC,48.1,35.1,41.6,68,15,4.07
1957,JAN,35.3,22.9,29.1,62,0,1.86
1957,FEB,44.2,31.3,37.8,61,19,2.2
1957,MAR,49.2,35.5,42.4,68,24,2.43
1957,APR,61.8,44.5,53.2,86,33,5.7
1957,MAY,72.5,54.3,63.4,87,40,2.92
1957,JUN,83.1,65.8,74.5,96,54,1.64
1957,JUL,86,69.1,77.5,101,60,1.32
1957,AUG,82,65.9,73.9,94,57,2.43
1957,SEP,77.6,62.9,70.2,92,44,4.4
1957,OCT,63.7,50.1,56.9,78,36,3.73
1957,NOV,55.9,44,50,66,28,4.17
1957,DEC,46.2,35.9,41.1,61,18,5.25
1958,JAN,37.6,26.9,32.3,54,12,5.23
1958,FEB,33.1,22.8,27.9,50,4,5.47
1958,MAR,45.9,35.5,40.7,58,28,4.06
1958,APR,60.4,45,52.7,77,30,7.24
1958,MAY,66,52.2,59.1,80,43,4.72
1958,JUN,75.4,59.6,67.5,89,51,2.61
1958,JUL,83.9,69.8,76.9,94,62,3.89
1958,AUG,82.7,68.4,75.5,92,61,3.63
1958,SEP,76.1,60.7,68.4,89,50,4.08
1958,OCT,62.7,49.3,56,83,40,6.88
1958,NOV,54.7,42.8,48.8,64,18,1.97
1958,DEC,36.3,23.7,30,55,13,1.56
1959,JAN,38.1,25,31.5,57,14,2.58
1959,FEB,39.9,24.3,32.1,51,8,2.01
1959,MAR,47.7,32.5,40.1,71,20,4.79
1959,APR,61.8,44.9,53.3,83,34,2.38
1959,MAY,74.2,55.9,65,91,44,1.7
1959,JUN,79.9,63.2,71.6,98,53,4.76
1959,JUL,84,69.7,76.9,91,64,3.37
1959,AUG,85.3,70.7,78,94,61,4.17
1959,SEP,80.2,64.8,72.5,91,48,1.42
1959,OCT,66.4,53.9,60.1,88,37,4.74
1959,NOV,52.8,39.4,46.1,69,22,4.13
1959,DEC,44.5,33.9,39.2,58,12,5
1960,JAN,39.3,29.7,34.5,53,19,2.77
1960,FEB,43.1,30,36.5,61,19,5.76
1960,MAR,40.4,27.3,33.8,71,15,3.36
1960,APR,63.2,44.9,54,88,35,2.81
1960,MAY,70.7,54.4,62.6,81,44,3.39
1960,JUN,80,64.3,72.2,89,57,1.99
1960,JUL,82.9,67.6,75.3,90,62,9.27
1960,AUG,82.2,67.9,75.1,93,61,5.88
1960,SEP,74.5,61.5,68,90,55,7.61
1960,OCT,66.1,50.9,58.5,82,37,2.43
1960,NOV,57.1,43.6,50.3,69,32,2.71
1960,DEC,38.5,25.1,31.8,64,8,3.19
1961,JAN,33.5,22.3,27.9,56,6,3.2
1961,FEB,43.8,29.6,36.7,64,-1,4.1
1961,MAR,48,33.7,40.9,68,18,5.1
1961,APR,55.4,41.7,48.5,80,35,7.36
1961,MAY,66.4,50.7,58.5,81,41,3.97
1961,JUN,80.5,62.4,71.5,97,55,2.76
1961,JUL,83.2,68.8,76,94,61,5.47
1961,AUG,81.7,68.8,75.3,90,60,3.37
1961,SEP,80.5,66.6,73.6,95,50,1.93
1961,OCT,67,52.9,59.9,80,41,2.05
1961,NOV,53.4,42.8,48.1,72,30,2.49
1961,DEC,40.1,30.7,35.4,58,16,3.52
1962,JAN,38.6,25.8,32.2,54,10,2.59
1962,FEB,36.2,25.3,30.8,53,4,4.08
1962,MAR,47.7,34.5,41.1,71,13,2.61
1962,APR,58.9,44.1,51.5,85,34,2.69
1962,MAY,72.5,54.6,63.6,95,44,1.03
1962,JUN,80.9,64.5,72.7,93,56,4.27
1962,JUL,81.8,65.7,73.8,94,59,1.38
1962,AUG,79.7,65.4,72.5,91,57,5.09
1962,SEP,71.3,58.1,64.7,86,45,3.02
1962,OCT,64.4,50.6,57.5,84,34,2.38
1962,NOV,49.2,38,43.6,61,31,3.96
1962,DEC,36.7,25.7,31.2,63,3,2.05
1963,JAN,35.2,23.4,29.3,52,3,2.18
1963,FEB,35.1,20.9,28,50,-2,2.46
1963,MAR,47.9,35.1,41.5,77,26,3.25
1963,APR,60.9,43.4,52.1,79,33,1.6
1963,MAY,69.6,51.6,60.6,85,39,1.78
1963,JUN,79.3,62.5,70.9,96,57,1.43
1963,JUL,84.3,68.1,76.2,97,57,1.79
1963,AUG,80,66,73,86,57,4.24
1963,SEP,72.5,58.1,65.3,85,44,3.53
1963,OCT,70,52.7,61.3,81,41,0.06
1963,NOV,55.7,45.8,50.7,69,35,7.32
1963,DEC,34.2,26.8,30.5,55,12,2.13
1964,JAN,39.7,29,34.4,50,10,4.22
1964,FEB,37.4,27.7,32.5,50,20,2.39
1964,MAR,49.9,35.7,42.8,74,24,2.14
1964,APR,56.4,43,49.7,84,30,5.12
1964,MAY,74.7,56.4,65.5,94,44,0.43
1964,JUN,79.4,63.1,71.2,97,53,2.85
1964,JUL,83.1,69.1,76.1,97,61,4.56
1964,AUG,81.3,66.2,73.7,90,59,0.24
1964,SEP,75.9,60.3,68.1,92,51,1.78
1964,OCT,62.4,48.3,55.3,75,36,1.68
1964,NOV,56.2,43.6,49.9,70,25,1.65
1964,DEC,41.4,31.9,36.6,58,20,4.25
1965,JAN,35.1,25.3,30.2,56,9,2.93
1965,FEB,40.4,27.9,34.1,60,14,3.24
1965,MAR,45.2,35.1,40.1,58,23,1.94
1965,APR,57.5,43.8,50.6,77,32,2.75
1965,MAY,75.3,58.8,67.1,94,50,1.35
1965,JUN,80.6,64.4,72.5,95,55,1.14
1965,JUL,84.2,68.9,76.5,95,62,1.34
1965,AUG,83,68.4,75.7,91,53,2.02
1965,SEP,76.9,63.7,70.3,94,47,1.26
1965,OCT,62.6,49.2,55.9,75,33,1.44
1965,NOV,51.3,40.5,45.9,67,29,1.29
1965,DEC,44,35.2,39.6,63,21,1.47
1966,JAN,36.7,26.9,31.8,60,10,2.36
1966,FEB,39.2,29.8,34.5,55,11,4.29
1966,MAR,47.9,36.1,42,61,26,0.87
1966,APR,54.8,42.4,48.6,71,36,2.31
1966,MAY,65.8,52.2,59,80,38,3.78
1966,JUN,81.9,66,74,95,53,1.44
1966,JUL,89.2,72.3,80.8,107,65,1.12
1966,AUG,84.8,70.6,77.7,94,65,1.74
1966,SEP,74.1,62.5,68.3,91,51,5.07
1966,OCT,63.6,49.5,56.6,78,37,3.73
1966,NOV,55.7,42.7,49.2,69,31,2.44
1966,DEC,42,31.6,36.8,66,15,2.54
1967,JAN,43.8,32.6,38.2,68,13,1.06
1967,FEB,37.5,23.6,30.5,59,8,2.36
1967,MAR,44.2,31.3,37.7,70,10,5.77
1967,APR,58.1,41.2,49.7,79,32,2.91
1967,MAY,61.9,48,54.9,79,41,3.52
1967,JUN,80.5,63.1,71.8,95,47,3.13
1967,JUL,81.9,68.6,75.3,90,62,5.02
1967,AUG,79.8,67.5,73.6,87,59,7.03
1967,SEP,74,59,66.5,84,48,1.39
1967,OCT,63.7,50.6,57.2,85,36,2.66
1967,NOV,48.3,37.1,42.7,66,22,2.39
1967,DEC,43.9,33.3,38.6,60,21,5.82
1968,JAN,33,20.5,26.7,49,1,1.67
1968,FEB,36.2,21.9,29.1,48,6,1.37
1968,MAR,49.5,35,42.3,69,17,4.77
1968,APR,63.3,44.7,54,79,32,2.59
1968,MAY,66.8,52,59.4,80,44,4.67
1968,JUN,76.6,61.7,69.2,93,55,6.16
1968,JUL,84.7,69.6,77.2,96,62,2.39
1968,AUG,83.2,68.6,75.9,94,60,3.19
1968,SEP,78,63.1,70.6,89,55,1.84
1968,OCT,66.3,53.3,59.8,83,37,1.95
1968,NOV,51.6,41.1,46.3,74,32,5.13
1968,DEC,39.6,27.4,33.5,61,9,3.8
1969,JAN,36.2,25.5,30.8,48,9,0.93
1969,FEB,35.5,27.3,31.4,41,18,2.59
1969,MAR,45.7,32.5,39.1,69,19,3.06
1969,APR,62.1,45.6,53.8,82,27,4.57
1969,MAY,71.5,54.3,62.9,94,46,2.52
1969,JUN,78.3,63.5,70.9,94,56,4.2
1969,JUL,79.7,66.6,73.2,95,57,8.35
1969,AUG,83.3,68.6,76,90,57,2.64
1969,SEP,74.7,60.6,67.7,90,50,7.35
1969,OCT,64,49,56.5,78,30,1.69
1969,NOV,51.7,40.4,46,66,26,3.06
1969,DEC,38.5,29,33.8,59,14,5.3
1970,JAN,31.5,20.4,26,51,6,0.76
1970,FEB,39.6,25.8,32.7,56,12,3.24
1970,MAR,44.1,32.6,38.3,55,21,3.16
1970,APR,58.7,43.4,51,77,33,2.36
1970,MAY,71.1,54.1,62.6,91,40,2.02
1970,JUN,78,63,70.5,91,56,2.36
1970,JUL,84.5,69.6,77.1,93,66,1.18
1970,AUG,85.5,69.5,77.5,93,64,2.68
1970,SEP,77.7,63.1,70.4,93,49,1.7
1970,OCT,65.6,52.7,59.1,77,37,1.45
1970,NOV,55,44.1,49.6,66,25,4.59
1970,DEC,41.1,31.2,36.1,66,20,1.86
1971,JAN,34.4,23.1,28.7,48,7,2.27
1971,FEB,41,30.9,35.9,63,10,4.1
1971,MAR,45.6,34,39.8,67,27,3.08
1971,APR,57.6,41.6,49.6,73,34,2.08
1971,MAY,67,51.7,59.4,81,45,3.37
1971,JUN,80.2,63.9,72.1,92,54,2.21
1971,JUL,83.5,68.6,76.1,93,62,6.32
1971,AUG,82.2,67.3,74.7,91,55,8.38
1971,SEP,76.2,65.5,70.8,91,50,4.93
1971,OCT,68.2,56.5,62.4,76,47,3.32
1971,NOV,50.1,38.9,44.5,76,27,4.58
1971,DEC,45.9,34,40,62,20,1.55
1972,JAN,40.7,27.7,34.2,62,6,2.02
1972,FEB,37.3,23.9,30.6,60,10,4.8
1972,MAR,44.8,30.7,37.8,68,17,4.12
1972,APR,55.7,39.5,47.6,83,25,3.19
1972,MAY,67.8,51.6,59.7,81,44,6.85
1972,JUN,72.7,58.9,65.8,83,46,8.15
1972,JUL,81.7,67.5,74.6,91,56,3.47
1972,AUG,81.1,66.1,73.6,89,57,0.94
1972,SEP,75.2,60.3,67.8,90,49,1.65
1972,OCT,58.6,45.8,52.2,70,32,4.91
1972,NOV,47.7,38.4,43.1,64,23,9.92
1972,DEC,43.2,33.7,38.5,59,20,4.66
1973,JAN,41.6,28.6,35.1,64,11,3.47
1973,FEB,39.5,25.4,32.5,57,8,3.02
1973,MAR,51.6,38.3,45,65,30,3.47
1973,APR,60.1,45.8,53,83,35,7.17
1973,MAY,65.5,52.3,58.9,81,44,4.21
1973,JUN,79.1,66.2,72.6,93,58,6.79
1973,JUL,83.9,69.6,76.7,92,60,4.9
1973,AUG,84,71,77.5,97,60,2.32
1973,SEP,76.6,62,69.3,93,48,2.63
1973,OCT,67.5,52.7,60.1,80,42,2.73
1973,NOV,55.3,42.1,48.7,74,31,1.54
1973,DEC,45.7,33.1,39.4,64,17,7.7
1974,JAN,41.9,29.3,35.6,66,7,2.78
1974,FEB,38,25.8,31.9,57,11,1.28
1974,MAR,49,34.4,41.7,68,22,4.45
1974,APR,63.1,45.3,54.2,88,29,2.94
1974,MAY,67.3,52.4,59.9,90,42,3.82
1974,JUN,75.9,61.8,68.8,94,54,2.51
1974,JUL,84.6,68.9,76.8,95,61,1.43
1974,AUG,83,68.4,75.7,91,60,6.07
1974,SEP,72.7,59.6,66.2,88,44,6.9
1974,OCT,61.1,46.5,53.8,77,33,2.03
1974,NOV,54.1,41.5,47.8,79,27,1.01
1974,DEC,44.1,34.8,39.5,58,27,6.38
1975,JAN,43,31.2,37.1,62,14,4.5
1975,FEB,40.5,30.4,35.5,55,16,3.2
1975,MAR,46.3,32.8,39.5,62,18,2.81
1975,APR,54.6,39.6,47.1,73,28,2.77
1975,MAY,72.2,56.3,64.3,90,46,3.79
1975,JUN,76,63.3,69.7,91,55,7.19
1975,JUL,82.2,69.1,75.6,92,61,12.33
1975,AUG,80.6,67.5,74.1,96,58,3.6
1975,SEP,70.7,58.2,64.5,80,48,9.63
1975,OCT,66.3,52.5,59.4,82,33,3.36
1975,NOV,58.4,46.8,52.6,75,36,3.92
1975,DEC,43.1,31.1,37.1,62,16,3.69
1976,JAN,35,22.5,28.7,54,3,5.42
1976,FEB,48.9,32.5,40.7,68,12,2.94
1976,MAR,52.1,37.4,44.8,72,23,2.3
1976,APR,63.5,47.6,55.6,91,29,2.45
1976,MAY,69.2,53.7,61.5,83,43,3.87
1976,JUN,82.1,66.1,74.1,91,52,2.74
1976,JUL,83.1,68.5,75.8,90,62,1
1976,AUG,82.2,67.8,75,92,52,5.95
1976,SEP,74.7,60.2,67.5,87,49,2.82
1976,OCT,60.4,48.5,54.5,73,33,4.62
1976,NOV,48.6,37.3,43,62,18,0.31
1976,DEC,37.5,23.8,30.6,57,10,2.23
1977,JAN,27.7,16.9,22.3,44,-1,2.02
1977,FEB,39.6,26.8,33.2,55,9,2.13
1977,MAR,53.5,37.8,45.7,78,25,6.57
1977,APR,62.1,43.1,52.6,86,26,2.93
1977,MAY,73.7,54.5,64.1,92,38,1.82
1977,JUN,76.8,61.9,69.4,86,50,3.56
1977,JUL,85.5,68.9,77.2,99,60,1.53
1977,AUG,81.5,68.1,74.8,92,57,4.48
1977,SEP,73.2,61.1,67.1,90,52,4.8
1977,OCT,61,48.6,54.8,70,39,5.84
1977,NOV,51.5,43.1,47.3,65,29,8.3
1977,DEC,41,30.4,35.7,56,15,4.86
1978,JAN,34.3,23.2,28.7,59,14,6.11
1978,FEB,31.5,22.3,26.9,41,10,0.92
1978,MAR,44.8,32.3,38.6,62,14,2.14
1978,APR,58.1,42.4,50.3,80,30,1.95
1978,MAY,67.1,52,59.5,87,38,8.15
1978,JUN,78,61.9,69.9,89,51,1.3
1978,JUL,80.7,66.9,73.8,95,58,3.79
1978,AUG,81.4,69.4,75.4,90,61,4.01
1978,SEP,72.8,57.8,65.3,84,46,3.93
1978,OCT,63,48.4,55.7,76,39,1.41
1978,NOV,53.8,42.5,48.2,67,26,2.24
1978,DEC,44.2,31.8,38,67,19,4.9
1979,JAN,37.9,25.2,31.5,57,6,8.68
1979,FEB,28.3,17.6,22.9,51,0,4.28
1979,MAR,52.3,36.1,44.2,75,19,3.76
1979,APR,57,42.8,49.9,75,31,3.55
1979,MAY,69.8,56.1,62.9,91,45,4.32
1979,JUN,76.3,61.5,68.9,87,49,1.51
1979,JUL,85,69.2,77.1,93,56,1.37
1979,AUG,82.4,68.6,75.5,95,56,4.8
1979,SEP,74.5,61.8,68.1,85,46,4.07
1979,OCT,62,49.9,56,83,36,3.83
1979,NOV,56,44.3,50.1,68,27,3.04
1979,DEC,44.7,33.3,39,61,19,2.57
1980,JAN,37.6,27.7,32.6,56,15,1.94
1980,FEB,36.6,24.8,30.7,53,9,0.95
1980,MAR,46.6,33.8,40.2,56,8,8.65
1980,APR,59.9,46.4,53.1,69,32,6.55
1980,MAY,72.7,56.7,64.7,87,49,2.14
1980,JUN,77.9,62.2,70.1,94,49,3.43
1980,JUL,86.3,71,78.6,99,63,4.74
1980,AUG,85,71.3,78.1,94,65,1.32
1980,SEP,77.3,63.5,70.4,91,48,1.16
1980,OCT,61.1,50.2,55.6,76,40,3.15
1980,NOV,48.7,37.4,43.1,66,29,4.17
1980,DEC,37.6,23.9,30.8,61,-1,0.61
1981,JAN,30.4,18.9,24.7,48,1,0.51
1981,FEB,45,31.8,38.4,66,7,5.42
1981,MAR,47.7,34.9,41.3,74,17,1.11
1981,APR,61.9,46.6,54.3,74,34,3.01
1981,MAY,71.3,56.3,63.8,88,45,3.32
1981,JUN,79.6,65.7,72.6,91,58,2.32
1981,JUL,85.5,70.8,78.1,96,63,5.73
1981,AUG,82.7,68.6,75.7,91,60,0.31
1981,SEP,72.6,60.1,66.4,87,46,2.99
1981,OCT,60.2,47.5,53.9,70,40,3.21
1981,NOV,52.4,41.6,47,70,29,1.63
1981,DEC,40.9,32.2,36.5,58,21,4.65
1982,JAN,31.8,18.8,25.3,55,-1,4.09
1982,FEB,41,29.2,35.1,57,18,2.25
1982,MAR,47.7,34.5,41.1,59,23,2.39
1982,APR,58.8,41.5,50.1,78,22,4.14
1982,MAY,71.1,55.5,63.3,84,50,2.03
1982,JUN,73.1,60.5,66.8,85,51,4.7
1982,JUL,84,68.6,76.3,98,59,2.97
1982,AUG,79.5,65.2,72.3,89,51,3.11
1982,SEP,73.2,60.6,66.9,86,55,1.41
1982,OCT,63.7,51,57.4,80,39,1.65
1982,NOV,55.3,42.6,48.9,76,26,3.19
1982,DEC,47.5,36.1,41.8,69,16,1.42
1983,JAN,39.2,29.5,34.4,57,11,4.14
1983,FEB,41,29,35,58,13,2.9
1983,MAR,49.2,37.1,43.2,67,26,8.22
1983,APR,58.5,44.8,51.7,84,35,11.51
1983,MAY,66.5,51.2,58.8,79,38,3.77
1983,JUN,81.1,63.8,72.5,95,53,1.95
1983,JUL,87.1,69.4,78.3,97,61,3.41
1983,AUG,84.5,68.8,76.7,97,59,2.67
1983,SEP,79,62.3,70.6,96,49,3.47
1983,OCT,63.9,50.9,57.4,83,34,7.32
1983,NOV,54.2,41.7,48,66,32,4.85
1983,DEC,41.4,28.8,35.1,62,3,6.63
1984,JAN,34.8,23.7,29.2,49,6,1.51
1984,FEB,45.5,32.8,39.2,62,15,4.31
1984,MAR,41.5,29.1,35.3,56,12,5.19
1984,APR,57.4,43.2,50.3,73,35,5.26
1984,MAY,68.7,53.9,61.3,88,44,9.27
1984,JUN,81.8,65.4,73.6,96,49,6.85
1984,JUL,80.5,66.5,73.5,91,60,5.75
1984,AUG,83.1,69.4,76.2,91,60,1.19
1984,SEP,73.2,58.1,65.6,86,45,2.65
1984,OCT,68.9,56,62.5,80,42,3.01
1984,NOV,53.8,38.9,46.4,70,23,3.13
1984,DEC,49.4,37.2,43.3,68,26,2.58
1985,JAN,34,22.8,28.4,57,-3,0.76
1985,FEB,41.7,29.5,35.6,73,13,1.81
1985,MAR,53.3,36.5,44.9,80,23,1.81
1985,APR,61.7,46.1,53.9,84,29,0.99
1985,MAY,73.6,55.6,64.6,88,44,5.18
1985,JUN,76.1,61.4,68.8,86,55,4.48
1985,JUL,84.4,68.8,76.6,94,61,5.77
1985,AUG,82.4,69.1,75.7,97,61,2.8
1985,SEP,78.3,63,70.7,93,50,4.23
1985,OCT,66.5,52.5,59.5,78,37,1.18
1985,NOV,56.2,45,50.6,75,34,7
1985,DEC,40.6,28.7,34.6,57,14,0.63
1986,JAN,40.7,27.3,34,62,7,4.5
1986,FEB,36.5,26.7,31.6,48,18,2.74
1986,MAR,52.6,35,43.8,75,14,1.91
1986,APR,60.4,45.7,53.1,77,36,3.65
1986,MAY,75.1,55.6,65.4,95,42,1.45
1986,JUN,80.7,62.2,71.4,91,50,1.43
1986,JUL,83.4,68.8,76.1,98,58,3.9
1986,AUG,80,66.8,73.4,89,52,4.6
1986,SEP,74.9,60.9,67.9,88,48,1.84
1986,OCT,65,50.9,58,81,38,1.71
1986,NOV,52.9,38.9,45.9,72,24,5.94
1986,DEC,44.4,34.2,39.3,60,20,5.19
1987,JAN,37.3,28.1,32.7,55,11,5.43
1987,FEB,40,26.1,33.1,51,5,0.78
1987,MAR,52.7,36.5,44.6,74,16,4.45
1987,APR,59.7,45.7,52.7,75,32,4.79
1987,MAY,72.3,54.3,63.3,96,44,1.12
1987,JUN,81.2,64.7,72.9,95,57,6.36
1987,JUL,81.2,64.7,72.9,94,63,4.42
1987,AUG,81.1,66.8,74,92,59,4.32
1987,SEP,74.3,61.9,68.1,84,51,3.72
1987,OCT,62,46.9,54.4,71,40,4.01
1987,NOV,55.2,40.6,47.9,76,20,2.6
1987,DEC,45.1,34.6,39.8,58,10,2.28
1988,JAN,35.7,23.9,29.8,54,7,2.58
1988,FEB,41.6,28.6,35.1,62,11,3.44
1988,MAR,51.3,34.7,43,74,19,1.98
1988,APR,57.8,43.7,50.7,69,37,2.09
1988,MAY,70.4,54,62.2,89,45,4.45
1988,JUN,80.8,63.3,72,99,51,0.94
1988,JUL,86.4,70.8,78.6,99,56,8.47
1988,AUG,85.7,71.9,78.8,97,60,1.83
1988,SEP,75.1,60.6,67.8,85,49,2.59
1988,OCT,59,47,53,79,35,3.08
1988,NOV,55.8,43.2,49.5,65,35,7.76
1988,DEC,42.7,30.5,36.6,59,8,1.18
1989,JAN,43.5,31.6,37.6,59,12,2.54
1989,FEB,39.9,28.7,34.3,66,17,2.83
1989,MAR,48.8,34.5,41.6,81,14,4.23
1989,APR,59.1,43.7,51.4,74,35,3.03
1989,MAY,70.3,54.6,62.4,86,44,8.83
1989,JUN,80.4,65.3,72.9,94,59,6.9
1989,JUL,83.4,68.9,76.1,95,61,5.49
1989,AUG,82,68.6,75.3,93,59,7.21
1989,SEP,76.6,62.8,69.7,94,48,5.4
1989,OCT,66.9,51.7,59.3,78,42,5.45
1989,NOV,52.5,40.2,46.3,69,25,2.53
1989,DEC,32.4,19.8,26.1,51,7,0.78
1990,JAN,46.7,35.5,41.1,64,25,4.1
1990,FEB,48,31.7,39.8,65,9,1.56
1990,MAR,52,36,44,83,14,2.74
1990,APR,60.9,45.1,53,89,33,5.3
1990,MAY,67.4,52,59.7,82,46,7.63
1990,JUN,80.6,64.2,72.4,90,52,2.13
1990,JUL,84,70.1,77,95,58,2.77
1990,AUG,83,69.5,76.3,91,58,10.31
1990,SEP,75.4,62.2,68.8,88,48,1.9
1990,OCT,69.8,56.4,63.1,87,37,5.72
1990,NOV,58,43.9,51,78,32,2.18
1990,DEC,49.9,36.4,43.2,66,22,4.88
1991,JAN,41.4,29.4,35.4,56,10,3.03
1991,FEB,47.3,33.3,40.3,70,16,1.92
1991,MAR,51.4,38.2,44.8,75,26,3.69
1991,APR,63.1,48.1,55.6,89,38,3.06
1991,MAY,78.2,59.9,69,93,50,2.99
1991,JUN,83.4,66.2,74.8,96,54,3.31
1991,JUL,86.5,71,78.8,101,66,3.39
1991,AUG,85.8,70.8,78.3,94,64,6.78
1991,SEP,76.6,61.4,69,95,45,3.56
1991,OCT,67.3,51.9,59.6,80,38,1.22
1991,NOV,54.8,42.6,48.7,74,32,1.72
1991,DEC,46.5,34.1,40.3,66,15,3.49
1992,JAN,42.1,29.7,35.9,60,12,1.39
1992,FEB,42.9,30.1,36.5,61,15,1.43
1992,MAR,47.5,33.1,40.3,63,19,4.07
1992,APR,57.7,43,50.3,81,33,1.52
1992,MAY,70.2,52.2,61.2,94,43,2.87
1992,JUN,79.6,62.8,71.2,87,53,3.25
1992,JUL,82.9,67.8,75.4,97,59,4.38
1992,AUG,81.5,66.3,73.9,93,58,4.12
1992,SEP,75.4,61.3,68.4,88,45,2.58
1992,OCT,63,48.2,55.6,79,36,1.05
1992,NOV,51.5,41.4,46.5,70,31,5.27
1992,DEC,43.6,32.3,38,62,18,5.47
1993,JAN,42.3,30.7,36.5,64,22,3.05
1993,FEB,37.8,22.9,30.3,55,5,3.25
1993,MAR,44.2,32,38.1,64,14,6.45
1993,APR,60.7,44.2,52.5,77,37,3.49
1993,MAY,74.2,56.2,65.2,90,50,2.31
1993,JUN,81.7,64.6,73.2,93,54,1.71
1993,JUL,88.4,71.6,80,99,65,1.7
1993,AUG,84.7,70,77.4,96,62,6.11
1993,SEP,75.1,61.6,68.3,95,48,5.22
1993,OCT,63.6,49.8,56.7,79,40,4.07
1993,NOV,56.2,41.3,48.8,80,27,1.37
1993,DEC,43.6,32,37.8,59,11,4.43
1994,JAN,33.3,18.4,25.8,56,-3,4.74
1994,FEB,37.1,23.4,30.2,61,7,2.83
1994,MAR,47.5,33.6,40.5,70,21,6.25
1994,APR,64.6,46.3,55.5,84,36,2.35
1994,MAY,71.5,52.8,62.2,89,46,4.49
1994,JUN,84.9,66.3,75.6,97,55,2.55
1994,JUL,88.5,72.7,80.6,99,67,4.44
1994,AUG,83.3,67.2,75.3,94,57,5.39
1994,SEP,75.8,61.8,68.8,90,54,2.75
1994,OCT,65.7,51,58.3,76,43,1.36
1994,NOV,58.9,44.7,51.8,73,25,3.6
1994,DEC,49.1,35.5,42.3,64,20,2.74
1995,JAN,43.5,32.3,37.9,64,16,3.43
1995,FEB,38.8,24.8,31.8,55,4,3.26
1995,MAR,52,38,45,72,22,1.16
1995,APR,60.1,43.9,52,75,25,1.84
1995,MAY,70.1,54.6,62.4,90,46,2.69
1995,JUN,80.6,64.1,72.4,95,55,2.4
1995,JUL,87.1,72.5,79.8,103,62,5.51
1995,AUG,87.3,70.8,79.1,96,62,0.12
1995,SEP,75.3,61.8,68.6,89,52,2.76
1995,OCT,70.5,55.6,63,86,45,5.61
1995,NOV,51.3,39.1,45.2,73,27,4.36
1995,DEC,39.4,28.8,34.1,56,17,2.17
1996,JAN,38.5,25.6,32,59,8,4.11
1996,FEB,41.6,28.7,35.1,63,9,2.14
1996,MAR,47.2,32.9,40,65,14,3.88
1996,APR,59.5,44.9,52.2,81,34,5.1
1996,MAY,69,53,61,97,42,2.12
1996,JUN,78.7,64.3,71.5,88,54,4.57
1996,JUL,81.1,68,74.5,91,64,4.73
1996,AUG,82,69.3,75.7,92,63,2.32
1996,SEP,75.5,64.1,69.8,89,54,4.99
1996,OCT,64.4,51.4,57.9,76,41,5.94
1996,NOV,49.2,38.6,43.9,69,24,2.93
1996,DEC,46.9,36.7,41.8,58,17,6.29
1997,JAN,39.5,25.9,32.7,61,5,3.68
1997,FEB,47.4,33.5,40.4,73,20,2.83
1997,MAR,49.2,34.8,42,69,26,5.08
1997,APR,60.6,44.5,52.6,78,30,2.95
1997,MAY,67.8,52.2,60,84,44,3.19
1997,JUN,80.2,64.5,72.4,96,51,1.64
1997,JUL,85.3,68.8,77.1,99,59,10.49
1997,AUG,81.6,68.4,75,96,62,4.02
1997,SEP,75.3,62.2,68.8,85,52,1.77
1997,OCT,64.6,51.9,58.3,87,41,1.86
1997,NOV,50.4,40.4,45.4,66,29,4.2
1997,DEC,44,34.1,39.1,54,18,3.66
1998,JAN,45.4,35,40.2,63,16,4.67
1998,FEB,46.3,35.3,40.8,58,18,4.28
1998,MAR,51.6,38.4,45,83,20,5.33
1998,APR,61.2,46.4,53.8,73,38,5.86
1998,MAY,72.9,56.6,64.8,89,45,5.98
1998,JUN,76.7,63.3,70,95,53,5.3
1998,JUL,85,70.9,78,94,64,1.14
1998,AUG,84.8,71,77.9,93,60,4.29
1998,SEP,78.6,64.7,71.6,91,53,4.1
1998,OCT,64.8,53,58.9,76,43,1.75
1998,NOV,54.2,43.7,49,63,37,1.48
1998,DEC,49.6,38.4,44,75,18,1.03
1999,JAN,40.5,27.3,33.9,57,11,6.35
1999,FEB,43.7,31.5,37.6,57,14,3.47
1999,MAR,50.3,35,42.6,73,18,3.35
1999,APR,61.3,45.5,53.4,81,36,1.46
1999,MAY,70.7,55.5,63.1,88,47,4.45
1999,JUN,81.7,66.2,73.9,97,58,0.5
1999,JUL,89.7,74.1,81.9,101,64,0.56
1999,AUG,83.3,69.5,76.4,99,60,5.23
1999,SEP,76.1,64.4,70.2,83,52,7.85
1999,OCT,64.3,50.7,57.5,74,40,2.83
1999,NOV,57.7,45.2,51.4,75,30,2.16
1999,DEC,46.5,35.2,40.8,62,20,2.86
2000,JAN,38.7,25.4,32,63,5,3.06
2000,FEB,43.8,31.1,37.4,65,21,1.51
2000,MAR,54.5,39.6,47,75,23,3.29
2000,APR,57.6,44.5,51,76,31,3.47
2000,MAY,71.4,55.4,63.4,93,46,4.29
2000,JUN,80,64.5,72.3,95,50,4.5
2000,JUL,80,67.1,73.5,93,61,6.27
2000,AUG,80.5,68.4,74.5,92,60,3.95
2000,SEP,74.9,61.4,68.2,87,45,4.69
2000,OCT,65.9,52.1,59,85,37,0.64
2000,NOV,51.7,41.4,46.6,67,26,3.02
2000,DEC,38.1,26,32.1,61,15,3.79
2001,JAN,39.1,29.1,34.1,55,20,2.75
2001,FEB,42.8,29.1,35.9,60,16,1.74
2001,MAR,45.3,34,39.6,56,25,6.86
2001,APR,61.7,45.3,53.5,87,36,1.42
2001,MAY,71.8,56.3,64,92,45,2.09
2001,JUN,81.6,67.2,74.4,94,54,5.25
2001,JUL,82.5,67.6,75,96,58,2.37
2001,AUG,86.7,72.9,79.8,104,67,2.8
2001,SEP,75.7,62.4,69.1,86,52,5.17
2001,OCT,67.3,52.4,59.9,82,41,0.49
2001,NOV,60.1,46.9,53.5,76,37,0.91
2001,DEC,50.2,39,44.6,72,22,2.12
2002,JAN,45.5,35.2,40.4,68,23,1.95
2002,FEB,48.2,33.5,40.8,63,20,0.66
2002,MAR,52,36.5,44.2,72,20,3.71
2002,APR,63.5,47.4,55.5,94,32,3.98
2002,MAY,69.3,52.5,60.9,86,43,3.3
2002,JUN,80.8,64.3,72.6,95,55,4.21
2002,JUL,87.2,71.8,79.5,98,63,1.47
2002,AUG,85.6,71.4,78.5,97,61,4.68
2002,SEP,78.4,64.1,71.3,91,56,6.4
2002,OCT,62.3,50.6,56.5,87,38,6.36
2002,NOV,51.7,41.2,46.4,68,26,4.24
2002,DEC,41.7,31.7,36.7,59,20,3.88
2003,JAN,33.1,22.9,28,50,8,1.81
2003,FEB,35.8,24.7,30.2,49,9,3.94
2003,MAR,51.2,33.6,42.4,69,13,4.29
2003,APR,56.7,41.6,49.2,87,30,3.34
2003,MAY,65.5,51.6,58.6,79,45,3.55
2003,JUN,76.7,61.6,69.1,97,51,9.88
2003,JUL,84.7,70.1,77.4,94,64,4.42
2003,AUG,84.8,71.6,78.2,93,61,5.57
2003,SEP,75.3,63.8,69.6,83,52,4.98
2003,OCT,63,50,56.5,78,38,4.25
2003,NOV,57.1,45.2,51.1,80,32,3.84
2003,DEC,44.5,32.8,38.7,60,22,5.09
2004,JAN,31.8,19.4,25.6,57,2,1.97
2004,FEB,41.7,28.9,35.3,59,16,2.54
2004,MAR,49.8,36.5,43.2,69,26,2.95
2004,APR,61.3,44.9,53.1,80,31,4.8
2004,MAY,73.5,55.7,64.6,89,44,4.44
2004,JUN,80,64.9,72.5,94,56,2.46
2004,JUL,82.3,69.5,75.9,91,64,8.63
2004,AUG,81.4,69.4,75.4,90,61,4.42
2004,SEP,76.8,64.5,70.7,86,52,10.28
2004,OCT,63.2,52.1,57.6,76,44,1.09
2004,NOV,55.3,42.8,49.1,69,31,3.77
2004,DEC,44.2,32.1,38.2,61,11,3.33
2005,JAN,36.5,24.9,30.7,61,5,3.71
2005,FEB,41.5,30,35.8,55,17,3.09
2005,MAR,44.8,32.5,38.7,62,16,4.26
2005,APR,63.2,45.4,54.3,85,38,4.59
2005,MAY,66.1,51.5,58.8,79,44,0.96
2005,JUN,82.7,66.3,74.5,93,53,2.46
2005,JUL,85.7,71.4,78.5,100,62,2.33
2005,AUG,87.6,74.2,80.9,100,67,3.87
2005,SEP,82,67.7,74.9,92,53,0.39
2005,OCT,65.3,54.3,59.8,80,41,14.71
2005,NOV,58,44.2,51.1,74,23,3.57
2005,DEC,41.5,31.4,36.4,57,15,4.22
2006,JAN,48.5,34.6,41.5,64,17,4.83
2006,FEB,43.1,30.4,36.8,63,17,2.89
2006,MAR,50.9,37,44,74,24,0.74
2006,APR,64.9,47.4,56.2,82,35,5.2
2006,MAY,71.8,56,63.9,89,48,4.69
2006,JUN,80.1,66.7,73.4,93,55,7.87
2006,JUL,88.1,73.3,80.7,100,64,5.95
2006,AUG,84.5,71.7,78.1,102,62,4.85
2006,SEP,74.9,63.1,69,85,54,2.38
2006,OCT,65.6,52.3,59,84,42,6.51
2006,NOV,58.7,48.1,53.4,70,35,5.83
2006,DEC,51.2,39.6,45.4,71,21,2.21
2007,JAN,44.8,33.1,38.9,72,11,3.17
2007,FEB,35.8,23.6,29.7,49,10,1.57
2007,MAR,51,34.4,42.7,75,14,4.45
2007,APR,58.2,44,51.1,85,32,11.78
2007,MAY,76,57.4,66.7,95,48,2.18
2007,JUN,82,65.9,73.9,95,58,4.51
2007,JUL,85,70.5,77.7,96,60,7.09
2007,AUG,84.3,69.9,77.1,98,58,5.93
2007,SEP,79.8,66.2,73,90,55,1.18
2007,OCT,72.2,58.7,65.5,89,43,4.39
2007,NOV,53,41.4,47.2,67,28,2.78
2007,DEC,43.5,33.8,38.6,62,21,4.4
2008,JAN,43.3,31.8,37.6,66,15,2.85
2008,FEB,44.1,29.6,36.8,69,12,5.32
2008,MAR,50.1,35.9,43,62,28,4.2
2008,APR,62.1,46.4,54.3,83,35,2.76
2008,MAY,68.9,53.2,61.1,85,45,3.26
2008,JUN,84,67.5,75.7,100,58,3.53
2008,JUL,87.5,72.5,80,97,68,2.32
2008,AUG,82.4,67.5,75,88,60,5.78
2008,SEP,76.4,64.3,70.4,90,54,5.93
2008,OCT,63.7,50.7,57.2,78,38,3.44
2008,NOV,51.7,41.9,46.8,65,25,3.18
2008,DEC,45.6,32.4,39,67,14,5.27
2009,JAN,34.2,23.5,28.9,47,8,2.63
2009,FEB,44.5,29.3,36.9,63,14,0.87
2009,MAR,48.6,35,41.8,69,14,1.46
2009,APR,61.9,46,54,91,36,4.69
2009,MAY,70.4,55.2,62.8,86,49,3.97
2009,JUN,74.8,61.7,68.3,85,53,8.46
2009,JUL,81.6,67.3,74.5,89,61,6.62
2009,AUG,84.2,71.2,77.7,94,64,2.66
2009,SEP,74.1,61.9,68,85,51,1.84
2009,OCT,62.8,50.8,56.8,76,39,4.92
2009,NOV,56.9,46.9,51.9,71,38,1.4
2009,DEC,42.6,31.1,36.9,66,17,6.81
2010,JAN,38.3,27.7,33,56,14,1.79
2010,FEB,38.2,29.4,33.8,46,18,5.02
2010,MAR,54.7,41.4,48,74,30,9.55
2010,APR,66.8,49.3,58.1,91,42,2.55
2010,MAY,75.2,57.2,66.2,94,43,2.9
2010,JUN,84.3,67.6,76,96,59,1.67
2010,JUL,90.6,74.9,82.8,103,64,2.52
2010,AUG,85.3,72,78.6,95,64,2.36
2010,SEP,79.1,65.9,72.5,96,59,2.76
2010,OCT,66.6,53.8,60.2,77,44,4.61
2010,NOV,54.8,44.1,49.4,67,37,1.74
2010,DEC,39.7,30.3,35,63,20,3.16
2011,JAN,36.6,27.2,31.9,53,9,3.95
2011,FEB,44.3,28.6,36.5,67,16,3.33
2011,MAR,49.1,34.7,41.9,75,19,5.97
2011,APR,60.9,45.3,53.1,80,36,5.07
2011,MAY,70.8,56.1,63.5,87,47,3.97
2011,JUN,80.5,64.8,72.7,97,56,3.85
2011,JUL,88.5,72.3,80.4,104,66,2.94
2011,AUG,82.6,69.4,76,92,62,17.32
2011,SEP,76.7,64.7,70.7,86,52,7.61
2011,OCT,64.7,51.9,58.3,85,33,4.56
2011,NOV,58.7,45.4,52.1,69,37,2.85
2011,DEC,49.5,37.1,43.3,61,23,3.92
2012,JAN,44.3,30.7,37.5,62,14,2.51
2012,FEB,47,35.8,41.4,63,21,1.34
2012,MAR,59,42.6,50.8,76,27,1
2012,APR,63.4,47.9,55.7,85,40,3.18
2012,MAY,72.5,59.1,65.8,90,50,4.67
2012,JUN,80.3,65.5,72.9,98,53,4.19
2012,JUL,88.3,72.6,80.4,101,63,3.77
2012,AUG,85.4,72.1,78.7,93,65,2.95
2012,SEP,76.8,64.6,70.7,89,56,5.06
2012,OCT,65.5,54.5,60,80,42,2.39
2012,NOV,50.4,39.7,45.1,65,33,1.35
2012,DEC,47.6,37.8,42.7,61,29,4.3
2013,JAN,41.5,30.2,35.8,60,12,2.64
2013,FEB,39.8,29.2,34.5,53,19,3.2
2013,MAR,45.9,35,40.5,58,29,2.43
2013,APR,60.5,44.8,52.7,81,34,1.15
2013,MAY,71.6,55.5,63.5,93,45,4.99
2013,JUN,81.7,66.4,74,96,55,8.16
2013,JUL,87.8,74.5,81.2,100,64,2.8
2013,AUG,82.1,69.4,75.8,90,62,1.97
2013,SEP,75.6,60.6,68.1,94,49,3.29
2013,OCT,67,54.8,60.9,86,42,0.43
2013,NOV,52.1,38.9,45.5,70,24,2.77
2013,DEC,43.9,32.5,38.2,69,19,4.46
2014,JAN,35.5,21.9,28.7,56,4,2.36
2014,FEB,37.4,25.3,31.3,55,10,4.93
2014,MAR,44.5,29.7,37.1,65,13,3.66
2014,APR,59.4,42.7,51,74,32,8.23
2014,MAY,71.5,55.5,63.5,87,49,4.7
2014,JUN,80,65,72.5,88,57,3.69
2014,JUL,84.3,69.6,77,93,65,3.99
2014,AUG,82.1,68.2,75.1,92,63,3.5
2014,SEP,77.3,63.5,70.4,93,54,1.24
2014,OCT,66.2,54.4,60.3,78,44,3.89
2014,NOV,51.6,39.3,45.4,69,22,3.92
2014,DEC,45.2,35.9,40.6,64,25,6.2
2015,JAN,36,23.6,29.8,57,8,4.98
2015,FEB,32,16.4,24.2,42,3,2.1
2015,MAR,45.2,30.5,37.9,60,15,4.54
2015,APR,61.5,45.2,53.3,79,34,1.82
2015,MAY,76.5,57.5,67,87,48,1.61
2015,JUN,78.4,64.1,71.3,92,50,4.8
2015,JUL,85.9,72.5,79.2,95,64,3.54
2015,AUG,86.4,72.3,79.3,93,66,1.88
2015,SEP,81.3,66.8,74.1,95,56,2.51
2015,OCT,65.4,51.5,58.4,78,37,3.39
2015,NOV,59.6,47,53.3,75,33,1.7
2015,DEC,56.3,45.3,50.8,72,34,4.33
2016,JAN,41.9,29.4,35.6,59,13,4.17
2016,FEB,45.6,31.2,38.4,62,1,4.36
2016,MAR,57.2,40.7,49,78,27,1.26
2016,APR,61.2,45.2,53.2,80,27,1.66
2016,MAY,71.2,55.9,63.6,92,44,3.92
2016,JUN,81.9,65.3,73.6,90,55,2.24
2016,JUL,88.5,73.6,81.1,99,66,4.98
2016,AUG,88.4,74.7,81.6,98,67,1.13
2016,SEP,80.3,67.3,73.8,93,57,2.53
2016,OCT,68,54.5,61.2,86,41,4.82
2016,NOV,58.7,46,52.4,75,37,5.37
2016,DEC,45.7,34.9,40.3,62,19,2.95
2017,JAN,44.4,35,39.7,68,17,4.13
2017,FEB,50,35.6,42.8,70,19,1.87
2017,MAR,48.1,33.9,41,71,17,4.69
2017,APR,65.2,49.9,57.6,88,39,4.09
2017,MAY,70.3,56.2,63.2,97,47,5.99
2017,JUN,81.2,66,73.6,101,52,4.38
2017,JUL,85.3,71,78.1,98,62,4.32
2017,AUG,81.9,68.9,75.4,91,61,3.52
2017,SEP,78.1,64.8,71.5,91,55,1.84
2017,OCT,72.3,58.6,65.5,84,55,3.78
2017,NOV,55,41.1,48,75,26,2.06
2017,DEC,41.1,31.3,36.2,60,10,2.05
2018,JAN,38.3,24.5,31.4,60,6,2.12
2018,FEB,50.1,34.8,42.4,79,17,5.94
2018,MAR,46.5,35.1,40.8,60,29,4.08
2018,APR,56.5,42.3,49.4,82,32,5.02
2018,MAY,76.3,58.5,67.4,93,50,3.24
2018,JUN,80.8,65.1,72.9,96,52,3.6
2018,JUL,87.1,72.6,79.8,97,64,5.28
2018,AUG,87.6,74.3,81,98,68,6.66
2018,SEP,78.3,67.3,72.8,96,57,5.89
2018,OCT,65.7,54,59.8,82,42,3.02
2018,NOV,50.8,40.5,45.6,71,17,7.09
2018,DEC,45.6,35.3,40.5,62,26,6.9
2019,JAN,39.6,26.7,33.2,60,3,3.93
2019,FEB,42.2,29.4,35.8,65,12,3.34
2019,MAR,48,34.4,41.2,72,19,3.64
2019,APR,61.7,46.7,54.2,79,33,4.42
2019,MAY,69.3,54.7,62,89,42,6.37
2019,JUN,80.4,65.2,72.8,94,57,4.89
2019,JUL,89.5,73.6,81.5,100,67,6.11
2019,AUG,84.6,70.6,77.6,93,61,3.14
2019,SEP,79.2,64.9,72.1,91,54,0.64
2019,OCT,67.1,54.6,60.9,95,46,5.58
2019,NOV,51,38.2,44.6,67,24,1.63
2019,DEC,44,33.8,38.9,58,18,7.17
2020,JAN,44.6,33.2,38.9,67,20,1.62
2020,FEB,46.1,33.6,39.9,61,15,2.72
2020,MAR,54.8,41.4,48.1,78,26,3.91
2020,APR,57.3,43.9,50.6,69,38,4.5
2020,MAY,69.2,52.4,60.8,86,36,1.19
2020,JUN,84,67.8,75.9,93,54,1.1
2020,JUL,90.5,75.2,82.9,97,68,4.74
2020,AUG,86.2,73.2,79.7,95,67,4.9
2020,SEP,77.3,64.8,71.1,89,51,4.17
2020,OCT,65.6,54.2,59.9,77,35,5.16
2020,NOV,61.4,47.2,54.3,78,33,4.42
2020,DEC,46.5,35.3,40.9,63,24,3.53
